PRAGMA foreign_keys=OFF;
BEGIN TRANSACTION;
CREATE TABLE IF NOT EXISTS "django_migrations" ("id" integer NOT NULL PRIMARY KEY AUTOINCREMENT, "app" varchar(255) NOT NULL, "name" varchar(255) NOT NULL, "applied" datetime NOT NULL);
INSERT INTO django_migrations VALUES(1,'contenttypes','0001_initial','2024-10-05 00:41:19.347238');
INSERT INTO django_migrations VALUES(2,'contenttypes','0002_remove_content_type_name','2024-10-05 00:41:19.359300');
INSERT INTO django_migrations VALUES(3,'auth','0001_initial','2024-10-05 00:41:19.375306');
INSERT INTO django_migrations VALUES(4,'auth','0002_alter_permission_name_max_length','2024-10-05 00:41:19.386800');
INSERT INTO django_migrations VALUES(5,'auth','0003_alter_user_email_max_length','2024-10-05 00:41:19.394777');
INSERT INTO django_migrations VALUES(6,'auth','0004_alter_user_username_opts','2024-10-05 00:41:19.403097');
INSERT INTO django_migrations VALUES(7,'auth','0005_alter_user_last_login_null','2024-10-05 00:41:19.412068');
INSERT INTO django_migrations VALUES(8,'auth','0006_require_contenttypes_0002','2024-10-05 00:41:19.419257');
INSERT INTO django_migrations VALUES(9,'auth','0007_alter_validators_add_error_messages','2024-10-05 00:41:19.427065');
INSERT INTO django_migrations VALUES(10,'auth','0008_alter_user_username_max_length','2024-10-05 00:41:19.436031');
INSERT INTO django_migrations VALUES(11,'auth','0009_alter_user_last_name_max_length','2024-10-05 00:41:19.444443');
INSERT INTO django_migrations VALUES(12,'auth','0010_alter_group_name_max_length','2024-10-05 00:41:19.453433');
INSERT INTO django_migrations VALUES(13,'auth','0011_update_proxy_permissions','2024-10-05 00:41:19.463505');
INSERT INTO django_migrations VALUES(14,'auth','0012_alter_user_first_name_max_length','2024-10-05 00:41:19.470892');
INSERT INTO django_migrations VALUES(15,'users','0001_initial','2024-10-05 00:41:19.568074');
INSERT INTO django_migrations VALUES(16,'admin','0001_initial','2024-10-05 00:41:19.590592');
INSERT INTO django_migrations VALUES(17,'admin','0002_logentry_remove_auto_add','2024-10-05 00:41:19.611498');
INSERT INTO django_migrations VALUES(18,'admin','0003_logentry_add_action_flag_choices','2024-10-05 00:41:19.628448');
INSERT INTO django_migrations VALUES(19,'posts','0001_initial','2024-10-05 00:41:19.651381');
INSERT INTO django_migrations VALUES(20,'posts','0002_initial','2024-10-05 00:41:19.940099');
INSERT INTO django_migrations VALUES(21,'sessions','0001_initial','2024-10-05 00:41:19.959005');
INSERT INTO django_migrations VALUES(22,'posts','0003_alter_products_slug','2024-10-05 02:39:11.509346');
INSERT INTO django_migrations VALUES(23,'app','0001_initial','2024-10-26 10:02:16.476270');
CREATE TABLE IF NOT EXISTS "django_content_type" ("id" integer NOT NULL PRIMARY KEY AUTOINCREMENT, "app_label" varchar(100) NOT NULL, "model" varchar(100) NOT NULL);
INSERT INTO django_content_type VALUES(1,'admin','logentry');
INSERT INTO django_content_type VALUES(2,'auth','permission');
INSERT INTO django_content_type VALUES(3,'auth','group');
INSERT INTO django_content_type VALUES(4,'contenttypes','contenttype');
INSERT INTO django_content_type VALUES(5,'sessions','session');
INSERT INTO django_content_type VALUES(6,'posts','categories');
INSERT INTO django_content_type VALUES(7,'posts','country');
INSERT INTO django_content_type VALUES(8,'posts','favorite');
INSERT INTO django_content_type VALUES(9,'posts','image');
INSERT INTO django_content_type VALUES(10,'posts','products');
INSERT INTO django_content_type VALUES(11,'posts','subcategories');
INSERT INTO django_content_type VALUES(12,'posts','subcategorycategory');
INSERT INTO django_content_type VALUES(13,'posts','tag');
INSERT INTO django_content_type VALUES(14,'posts','tagcategory');
INSERT INTO django_content_type VALUES(15,'posts','tagsubcategory');
INSERT INTO django_content_type VALUES(16,'posts','city');
INSERT INTO django_content_type VALUES(17,'users','categories');
INSERT INTO django_content_type VALUES(18,'users','country');
INSERT INTO django_content_type VALUES(19,'users','tag');
INSERT INTO django_content_type VALUES(20,'users','user');
INSERT INTO django_content_type VALUES(21,'users','complaint');
INSERT INTO django_content_type VALUES(22,'users','company');
INSERT INTO django_content_type VALUES(23,'users','message');
INSERT INTO django_content_type VALUES(24,'users','pointstransaction');
INSERT INTO django_content_type VALUES(25,'users','subcategories');
INSERT INTO django_content_type VALUES(26,'users','userrating');
INSERT INTO django_content_type VALUES(27,'users','usersubscription');
INSERT INTO django_content_type VALUES(28,'app','app');
CREATE TABLE IF NOT EXISTS "auth_group_permissions" ("id" integer NOT NULL PRIMARY KEY AUTOINCREMENT, "group_id" integer NOT NULL REFERENCES "auth_group" ("id") DEFERRABLE INITIALLY DEFERRED, "permission_id" integer NOT NULL REFERENCES "auth_permission" ("id") DEFERRABLE INITIALLY DEFERRED);
CREATE TABLE IF NOT EXISTS "auth_permission" ("id" integer NOT NULL PRIMARY KEY AUTOINCREMENT, "content_type_id" integer NOT NULL REFERENCES "django_content_type" ("id") DEFERRABLE INITIALLY DEFERRED, "codename" varchar(100) NOT NULL, "name" varchar(255) NOT NULL);
INSERT INTO auth_permission VALUES(1,1,'add_logentry','Can add log entry');
INSERT INTO auth_permission VALUES(2,1,'change_logentry','Can change log entry');
INSERT INTO auth_permission VALUES(3,1,'delete_logentry','Can delete log entry');
INSERT INTO auth_permission VALUES(4,1,'view_logentry','Can view log entry');
INSERT INTO auth_permission VALUES(5,2,'add_permission','Can add permission');
INSERT INTO auth_permission VALUES(6,2,'change_permission','Can change permission');
INSERT INTO auth_permission VALUES(7,2,'delete_permission','Can delete permission');
INSERT INTO auth_permission VALUES(8,2,'view_permission','Can view permission');
INSERT INTO auth_permission VALUES(9,3,'add_group','Can add group');
INSERT INTO auth_permission VALUES(10,3,'change_group','Can change group');
INSERT INTO auth_permission VALUES(11,3,'delete_group','Can delete group');
INSERT INTO auth_permission VALUES(12,3,'view_group','Can view group');
INSERT INTO auth_permission VALUES(13,4,'add_contenttype','Can add content type');
INSERT INTO auth_permission VALUES(14,4,'change_contenttype','Can change content type');
INSERT INTO auth_permission VALUES(15,4,'delete_contenttype','Can delete content type');
INSERT INTO auth_permission VALUES(16,4,'view_contenttype','Can view content type');
INSERT INTO auth_permission VALUES(17,5,'add_session','Can add session');
INSERT INTO auth_permission VALUES(18,5,'change_session','Can change session');
INSERT INTO auth_permission VALUES(19,5,'delete_session','Can delete session');
INSERT INTO auth_permission VALUES(20,5,'view_session','Can view session');
INSERT INTO auth_permission VALUES(21,6,'add_categories','Can add Category');
INSERT INTO auth_permission VALUES(22,6,'change_categories','Can change Category');
INSERT INTO auth_permission VALUES(23,6,'delete_categories','Can delete Category');
INSERT INTO auth_permission VALUES(24,6,'view_categories','Can view Category');
INSERT INTO auth_permission VALUES(25,7,'add_country','Can add Country');
INSERT INTO auth_permission VALUES(26,7,'change_country','Can change Country');
INSERT INTO auth_permission VALUES(27,7,'delete_country','Can delete Country');
INSERT INTO auth_permission VALUES(28,7,'view_country','Can view Country');
INSERT INTO auth_permission VALUES(29,8,'add_favorite','Can add favorite');
INSERT INTO auth_permission VALUES(30,8,'change_favorite','Can change favorite');
INSERT INTO auth_permission VALUES(31,8,'delete_favorite','Can delete favorite');
INSERT INTO auth_permission VALUES(32,8,'view_favorite','Can view favorite');
INSERT INTO auth_permission VALUES(33,9,'add_image','Can add image');
INSERT INTO auth_permission VALUES(34,9,'change_image','Can change image');
INSERT INTO auth_permission VALUES(35,9,'delete_image','Can delete image');
INSERT INTO auth_permission VALUES(36,9,'view_image','Can view image');
INSERT INTO auth_permission VALUES(37,10,'add_products','Can add products');
INSERT INTO auth_permission VALUES(38,10,'change_products','Can change products');
INSERT INTO auth_permission VALUES(39,10,'delete_products','Can delete products');
INSERT INTO auth_permission VALUES(40,10,'view_products','Can view products');
INSERT INTO auth_permission VALUES(41,11,'add_subcategories','Can add Subcategory');
INSERT INTO auth_permission VALUES(42,11,'change_subcategories','Can change Subcategory');
INSERT INTO auth_permission VALUES(43,11,'delete_subcategories','Can delete Subcategory');
INSERT INTO auth_permission VALUES(44,11,'view_subcategories','Can view Subcategory');
INSERT INTO auth_permission VALUES(45,12,'add_subcategorycategory','Can add sub category category');
INSERT INTO auth_permission VALUES(46,12,'change_subcategorycategory','Can change sub category category');
INSERT INTO auth_permission VALUES(47,12,'delete_subcategorycategory','Can delete sub category category');
INSERT INTO auth_permission VALUES(48,12,'view_subcategorycategory','Can view sub category category');
INSERT INTO auth_permission VALUES(49,13,'add_tag','Can add tag');
INSERT INTO auth_permission VALUES(50,13,'change_tag','Can change tag');
INSERT INTO auth_permission VALUES(51,13,'delete_tag','Can delete tag');
INSERT INTO auth_permission VALUES(52,13,'view_tag','Can view tag');
INSERT INTO auth_permission VALUES(53,14,'add_tagcategory','Can add tag category');
INSERT INTO auth_permission VALUES(54,14,'change_tagcategory','Can change tag category');
INSERT INTO auth_permission VALUES(55,14,'delete_tagcategory','Can delete tag category');
INSERT INTO auth_permission VALUES(56,14,'view_tagcategory','Can view tag category');
INSERT INTO auth_permission VALUES(57,15,'add_tagsubcategory','Can add tag subcategory');
INSERT INTO auth_permission VALUES(58,15,'change_tagsubcategory','Can change tag subcategory');
INSERT INTO auth_permission VALUES(59,15,'delete_tagsubcategory','Can delete tag subcategory');
INSERT INTO auth_permission VALUES(60,15,'view_tagsubcategory','Can view tag subcategory');
INSERT INTO auth_permission VALUES(61,16,'add_city','Can add city');
INSERT INTO auth_permission VALUES(62,16,'change_city','Can change city');
INSERT INTO auth_permission VALUES(63,16,'delete_city','Can delete city');
INSERT INTO auth_permission VALUES(64,16,'view_city','Can view city');
INSERT INTO auth_permission VALUES(65,17,'add_categories','Can add categories');
INSERT INTO auth_permission VALUES(66,17,'change_categories','Can change categories');
INSERT INTO auth_permission VALUES(67,17,'delete_categories','Can delete categories');
INSERT INTO auth_permission VALUES(68,17,'view_categories','Can view categories');
INSERT INTO auth_permission VALUES(69,18,'add_country','Can add country');
INSERT INTO auth_permission VALUES(70,18,'change_country','Can change country');
INSERT INTO auth_permission VALUES(71,18,'delete_country','Can delete country');
INSERT INTO auth_permission VALUES(72,18,'view_country','Can view country');
INSERT INTO auth_permission VALUES(73,19,'add_tag','Can add tag');
INSERT INTO auth_permission VALUES(74,19,'change_tag','Can change tag');
INSERT INTO auth_permission VALUES(75,19,'delete_tag','Can delete tag');
INSERT INTO auth_permission VALUES(76,19,'view_tag','Can view tag');
INSERT INTO auth_permission VALUES(77,20,'add_user','Can add user');
INSERT INTO auth_permission VALUES(78,20,'change_user','Can change user');
INSERT INTO auth_permission VALUES(79,20,'delete_user','Can delete user');
INSERT INTO auth_permission VALUES(80,20,'view_user','Can view user');
INSERT INTO auth_permission VALUES(81,21,'add_complaint','Can add complaint');
INSERT INTO auth_permission VALUES(82,21,'change_complaint','Can change complaint');
INSERT INTO auth_permission VALUES(83,21,'delete_complaint','Can delete complaint');
INSERT INTO auth_permission VALUES(84,21,'view_complaint','Can view complaint');
INSERT INTO auth_permission VALUES(85,22,'add_company','Can add company');
INSERT INTO auth_permission VALUES(86,22,'change_company','Can change company');
INSERT INTO auth_permission VALUES(87,22,'delete_company','Can delete company');
INSERT INTO auth_permission VALUES(88,22,'view_company','Can view company');
INSERT INTO auth_permission VALUES(89,23,'add_message','Can add message');
INSERT INTO auth_permission VALUES(90,23,'change_message','Can change message');
INSERT INTO auth_permission VALUES(91,23,'delete_message','Can delete message');
INSERT INTO auth_permission VALUES(92,23,'view_message','Can view message');
INSERT INTO auth_permission VALUES(93,24,'add_pointstransaction','Can add points transaction');
INSERT INTO auth_permission VALUES(94,24,'change_pointstransaction','Can change points transaction');
INSERT INTO auth_permission VALUES(95,24,'delete_pointstransaction','Can delete points transaction');
INSERT INTO auth_permission VALUES(96,24,'view_pointstransaction','Can view points transaction');
INSERT INTO auth_permission VALUES(97,25,'add_subcategories','Can add sub categories');
INSERT INTO auth_permission VALUES(98,25,'change_subcategories','Can change sub categories');
INSERT INTO auth_permission VALUES(99,25,'delete_subcategories','Can delete sub categories');
INSERT INTO auth_permission VALUES(100,25,'view_subcategories','Can view sub categories');
INSERT INTO auth_permission VALUES(101,26,'add_userrating','Can add user rating');
INSERT INTO auth_permission VALUES(102,26,'change_userrating','Can change user rating');
INSERT INTO auth_permission VALUES(103,26,'delete_userrating','Can delete user rating');
INSERT INTO auth_permission VALUES(104,26,'view_userrating','Can view user rating');
INSERT INTO auth_permission VALUES(105,27,'add_usersubscription','Can add user subscription');
INSERT INTO auth_permission VALUES(106,27,'change_usersubscription','Can change user subscription');
INSERT INTO auth_permission VALUES(107,27,'delete_usersubscription','Can delete user subscription');
INSERT INTO auth_permission VALUES(108,27,'view_usersubscription','Can view user subscription');
INSERT INTO auth_permission VALUES(109,28,'add_app','Can add app');
INSERT INTO auth_permission VALUES(110,28,'change_app','Can change app');
INSERT INTO auth_permission VALUES(111,28,'delete_app','Can delete app');
INSERT INTO auth_permission VALUES(112,28,'view_app','Can view app');
CREATE TABLE IF NOT EXISTS "auth_group" ("id" integer NOT NULL PRIMARY KEY AUTOINCREMENT, "name" varchar(150) NOT NULL UNIQUE);
CREATE TABLE IF NOT EXISTS "users_categories" ("id" integer NOT NULL PRIMARY KEY AUTOINCREMENT, "name" varchar(100) NOT NULL);
CREATE TABLE IF NOT EXISTS "users_country" ("id" integer NOT NULL PRIMARY KEY AUTOINCREMENT, "name_en" varchar(100) NOT NULL, "name_ru" varchar(100) NOT NULL, "name_uz" varchar(100) NOT NULL);
CREATE TABLE IF NOT EXISTS "users_tag" ("id" integer NOT NULL PRIMARY KEY AUTOINCREMENT, "name" varchar(100) NOT NULL);
CREATE TABLE IF NOT EXISTS "users_user" ("id" integer NOT NULL PRIMARY KEY AUTOINCREMENT, "password" varchar(128) NOT NULL, "last_login" datetime NULL, "is_superuser" bool NOT NULL, "username" varchar(150) NOT NULL UNIQUE, "first_name" varchar(150) NOT NULL, "last_name" varchar(150) NOT NULL, "is_staff" bool NOT NULL, "is_active" bool NOT NULL, "date_joined" datetime NOT NULL, "telephone" varchar(50) NULL, "email" varchar(254) NOT NULL UNIQUE, "profile_photo" varchar(100) NOT NULL, "trust" bool NOT NULL, "company_name" varchar(100) NULL, "telegram" varchar(100) NULL, "whatsapp" varchar(100) NULL, "website" varchar(500) NULL, "url_maps" varchar(500) NULL, "description" varchar(1000) NULL, "is_business_account" bool NULL, "currency" decimal NOT NULL, "previous_currency" decimal NOT NULL, "category_id" bigint NULL REFERENCES "users_categories" ("id") DEFERRABLE INITIALLY DEFERRED, "country_id" bigint NULL REFERENCES "users_country" ("id") DEFERRABLE INITIALLY DEFERRED);
INSERT INTO users_user VALUES(1,'pbkdf2_sha256$870000$Vg2MGloTTiGIHV46T1rJP6$zTy6lX+4mw8RQA1G7nwnU6F190/taaTYJMXbTsJf2wo=','2024-10-26 18:15:29.093299',1,'admin','','',1,1,'2024-10-17 06:22:06.660726',NULL,'admin@gmail.com','static/default-logo.svg',0,NULL,NULL,NULL,NULL,NULL,NULL,NULL,100,0,NULL,NULL);
CREATE TABLE IF NOT EXISTS "users_user_groups" ("id" integer NOT NULL PRIMARY KEY AUTOINCREMENT, "user_id" bigint NOT NULL REFERENCES "users_user" ("id") DEFERRABLE INITIALLY DEFERRED, "group_id" integer NOT NULL REFERENCES "auth_group" ("id") DEFERRABLE INITIALLY DEFERRED);
CREATE TABLE IF NOT EXISTS "users_user_user_permissions" ("id" integer NOT NULL PRIMARY KEY AUTOINCREMENT, "user_id" bigint NOT NULL REFERENCES "users_user" ("id") DEFERRABLE INITIALLY DEFERRED, "permission_id" integer NOT NULL REFERENCES "auth_permission" ("id") DEFERRABLE INITIALLY DEFERRED);
CREATE TABLE IF NOT EXISTS "users_complaint" ("id" integer NOT NULL PRIMARY KEY AUTOINCREMENT, "complaint_type" varchar(50) NOT NULL, "description" text NOT NULL, "created_at" datetime NOT NULL, "recipient_id" bigint NOT NULL REFERENCES "users_user" ("id") DEFERRABLE INITIALLY DEFERRED, "sender_id" bigint NOT NULL REFERENCES "users_user" ("id") DEFERRABLE INITIALLY DEFERRED);
CREATE TABLE IF NOT EXISTS "users_company" ("id" integer NOT NULL PRIMARY KEY AUTOINCREMENT, "name" varchar(100) NOT NULL, "website" varchar(200) NULL, "logo" varchar(100) NULL, "banner" varchar(100) NULL, "description" text NULL, "owner_id" bigint NULL UNIQUE REFERENCES "users_user" ("id") DEFERRABLE INITIALLY DEFERRED, "country_id" bigint NULL REFERENCES "users_country" ("id") DEFERRABLE INITIALLY DEFERRED);
CREATE TABLE IF NOT EXISTS "users_message" ("id" integer NOT NULL PRIMARY KEY AUTOINCREMENT, "message" text NOT NULL, "created_at" datetime NOT NULL, "is_read" bool NOT NULL, "sender_id" bigint NOT NULL REFERENCES "users_user" ("id") DEFERRABLE INITIALLY DEFERRED);
CREATE TABLE IF NOT EXISTS "users_message_recipients" ("id" integer NOT NULL PRIMARY KEY AUTOINCREMENT, "message_id" bigint NOT NULL REFERENCES "users_message" ("id") DEFERRABLE INITIALLY DEFERRED, "user_id" bigint NOT NULL REFERENCES "users_user" ("id") DEFERRABLE INITIALLY DEFERRED);
CREATE TABLE IF NOT EXISTS "users_pointstransaction" ("id" integer NOT NULL PRIMARY KEY AUTOINCREMENT, "transaction_type" varchar(20) NOT NULL, "amount" integer unsigned NOT NULL CHECK ("amount" >= 0), "timestamp" datetime NOT NULL, "user_id" bigint NOT NULL REFERENCES "users_user" ("id") DEFERRABLE INITIALLY DEFERRED);
INSERT INTO users_pointstransaction VALUES(1,'usage',0,'2024-10-17 06:22:14.063023',1);
INSERT INTO users_pointstransaction VALUES(2,'usage',0,'2024-10-26 18:15:29.101295',1);
CREATE TABLE IF NOT EXISTS "users_subcategories" ("id" integer NOT NULL PRIMARY KEY AUTOINCREMENT, "name" varchar(100) NOT NULL, "category_id" bigint NOT NULL REFERENCES "users_categories" ("id") DEFERRABLE INITIALLY DEFERRED);
CREATE TABLE IF NOT EXISTS "users_user_subcategories" ("id" integer NOT NULL PRIMARY KEY AUTOINCREMENT, "user_id" bigint NOT NULL REFERENCES "users_user" ("id") DEFERRABLE INITIALLY DEFERRED, "subcategories_id" bigint NOT NULL REFERENCES "users_subcategories" ("id") DEFERRABLE INITIALLY DEFERRED);
CREATE TABLE IF NOT EXISTS "users_user_tags" ("id" integer NOT NULL PRIMARY KEY AUTOINCREMENT, "user_id" bigint NOT NULL REFERENCES "users_user" ("id") DEFERRABLE INITIALLY DEFERRED, "tag_id" bigint NOT NULL REFERENCES "users_tag" ("id") DEFERRABLE INITIALLY DEFERRED);
CREATE TABLE IF NOT EXISTS "users_userrating" ("id" integer NOT NULL PRIMARY KEY AUTOINCREMENT, "rating" integer unsigned NOT NULL CHECK ("rating" >= 0), "rated_user_id" bigint NOT NULL REFERENCES "users_user" ("id") DEFERRABLE INITIALLY DEFERRED, "rater_id" bigint NOT NULL REFERENCES "users_user" ("id") DEFERRABLE INITIALLY DEFERRED);
CREATE TABLE IF NOT EXISTS "users_usersubscription" ("id" integer NOT NULL PRIMARY KEY AUTOINCREMENT, "created_at" datetime NOT NULL, "subscriber_id" bigint NOT NULL REFERENCES "users_user" ("id") DEFERRABLE INITIALLY DEFERRED, "target_user_id" bigint NOT NULL REFERENCES "users_user" ("id") DEFERRABLE INITIALLY DEFERRED);
CREATE TABLE IF NOT EXISTS "django_admin_log" ("id" integer NOT NULL PRIMARY KEY AUTOINCREMENT, "object_id" text NULL, "object_repr" varchar(200) NOT NULL, "action_flag" smallint unsigned NOT NULL CHECK ("action_flag" >= 0), "change_message" text NOT NULL, "content_type_id" integer NULL REFERENCES "django_content_type" ("id") DEFERRABLE INITIALLY DEFERRED, "user_id" bigint NOT NULL REFERENCES "users_user" ("id") DEFERRABLE INITIALLY DEFERRED, "action_time" datetime NOT NULL);
INSERT INTO django_admin_log VALUES(1,'9','Современная термопластичная машина для мелкосерийного производства',1,'[{"added": {}}]',10,1,'2024-10-17 06:23:40.062462');
CREATE TABLE IF NOT EXISTS "posts_categories" ("id" integer NOT NULL PRIMARY KEY AUTOINCREMENT, "slug" varchar(50) NOT NULL UNIQUE, "name_en" varchar(50) NOT NULL, "name_ru" varchar(50) NOT NULL, "name_uz" varchar(50) NOT NULL, "is_linked" bool NOT NULL);
INSERT INTO posts_categories VALUES(1,'cat-1','cat-1-en','cat-1-ru','cat-1-uz',0);
INSERT INTO posts_categories VALUES(2,'cat-2','cat-2-en','cat-2-ru','cat-2-uz',0);
INSERT INTO posts_categories VALUES(3,'cat-3','cat-3-en','cat-3-ru','cat-3-uz',1);
CREATE TABLE IF NOT EXISTS "posts_country" ("id" integer NOT NULL PRIMARY KEY AUTOINCREMENT, "slug" varchar(50) NOT NULL UNIQUE, "name_en" varchar(50) NOT NULL, "name_ru" varchar(50) NOT NULL, "name_uz" varchar(50) NOT NULL);
INSERT INTO posts_country VALUES(1,'uzbekistan','Uzbekistan','Узбекистан','O''zbekiston');
INSERT INTO posts_country VALUES(2,'russia','Russian','Россия','Rossiya');
INSERT INTO posts_country VALUES(3,'germany','Germany','Германия','Germaniya');
INSERT INTO posts_country VALUES(4,'albania','Albania','Албания','Albaniya');
INSERT INTO posts_country VALUES(5,'algeria','Algeria','Алжир','Fazilat');
INSERT INTO posts_country VALUES(6,'samo','Samo','Само','Samo');
INSERT INTO posts_country VALUES(7,'andorra','Andorra','Андорра','Antarora');
INSERT INTO posts_country VALUES(8,'angola','Angola','Ангола','Angol');
INSERT INTO posts_country VALUES(9,'angilla','Angilla','Ангилья','Angilla');
INSERT INTO posts_country VALUES(10,'antigua-and-barbuda','Antigua and Barbuda','Антигуа и Барбуда','Antigua va barbuda');
INSERT INTO posts_country VALUES(11,'argentina','Argentina','Аргентина','Argentina');
INSERT INTO posts_country VALUES(12,'armenia','Armenia','Армения','Armeniya');
INSERT INTO posts_country VALUES(13,'aruba','Aruba','Аруба','Aruba');
INSERT INTO posts_country VALUES(14,'australia','Australia','Австралия','Avstraliya');
INSERT INTO posts_country VALUES(15,'austria','Austria','Австрия','Avstriya');
INSERT INTO posts_country VALUES(16,'azerbaijan','Azerbaijan','Азербайджан','Ozarbayjon');
INSERT INTO posts_country VALUES(17,'bahrain','Bahrain','Бахрейн','Bahrayn');
INSERT INTO posts_country VALUES(18,'bangladesh','Bangladesh','Бангладеш','Bangladesh');
INSERT INTO posts_country VALUES(19,'barbados','Barbados','Барбадос','Barbados');
INSERT INTO posts_country VALUES(20,'belarus','Belarus','Беларусь','Bemor');
INSERT INTO posts_country VALUES(21,'belgium','Belgium','Бельгия','Belgiya');
INSERT INTO posts_country VALUES(22,'benin','Benin','Бенин','Benin');
INSERT INTO posts_country VALUES(23,'bermud','Bermud','Бермуд','Bermud');
INSERT INTO posts_country VALUES(24,'butane','Butane','Бутан','Butan');
INSERT INTO posts_country VALUES(25,'bolivia','Bolivia','Боливия','Bolijon');
INSERT INTO posts_country VALUES(26,'bosnia-and-gersegovina','Bosnia and Gersegovina','Босния и Герсеговина','Bosniya va Geregovina');
INSERT INTO posts_country VALUES(27,'bottlene','Bottlene','Утолженное','Butillat');
INSERT INTO posts_country VALUES(28,'brazil','Brazil','Бразилия','Braziliya');
INSERT INTO posts_country VALUES(29,'broi','Broi','Брои','Bovul');
INSERT INTO posts_country VALUES(30,'bulgaria','Bulgaria','Болгария','Bulgariya');
INSERT INTO posts_country VALUES(31,'burkina-faso','Burkina-Faso','Буркина-Фасо','Burkina-faso');
INSERT INTO posts_country VALUES(32,'burmah-(myanma)','Burmah (Myanma)','Берма (Мьянма)','Burma (Myanma)');
INSERT INTO posts_country VALUES(33,'burundi','Burundi','Бурунди','Burundi');
INSERT INTO posts_country VALUES(34,'cambodia','Cambodia','Камбоджа','Kambodja');
INSERT INTO posts_country VALUES(35,'cameroon','Cameroon','Камерун','Kamerun');
INSERT INTO posts_country VALUES(36,'canada','Canada','Канада','Kanada');
INSERT INTO posts_country VALUES(37,'canary-islands','Canary Islands','Канарские острова','Kanar orollari');
INSERT INTO posts_country VALUES(38,'cabo-berde','Cabo-Berde','Кабо-берде','Kabo-berde');
INSERT INTO posts_country VALUES(39,'central-african-republic','Central African Republic','Центральноафриканская Республика','Markaziy Afrika Respublikasi');
INSERT INTO posts_country VALUES(40,'smoke','Smoke','Дымка','Tutun');
INSERT INTO posts_country VALUES(41,'chili','Chili','Чили','Chili');
INSERT INTO posts_country VALUES(42,'china','China','Китай','Xitoy');
INSERT INTO posts_country VALUES(43,'colombia','Colombia','Колумбия','Kolumbiya');
INSERT INTO posts_country VALUES(44,'comory','Comory','Коморы','Kulgili');
INSERT INTO posts_country VALUES(45,'congo','Congo','Конго','Kongo');
INSERT INTO posts_country VALUES(46,'costa-rica','Costa Rica','Коста-Рика','Kosta-Rika');
INSERT INTO posts_country VALUES(47,'croatia','Croatia','Хорватия','Xorvatiya');
INSERT INTO posts_country VALUES(48,'cuba','Cuba','Куба','Kubalik');
INSERT INTO posts_country VALUES(49,'cyprus','Cyprus','Кипр','Kipr');
INSERT INTO posts_country VALUES(50,'czech-republic','Czech Republic','Чешская Республика','Chex Respublikasi');
INSERT INTO posts_country VALUES(51,'denmark','Denmark','Дания','Denmark');
INSERT INTO posts_country VALUES(52,'jibuts','Jibuts','Jibuts','Jibutlar');
INSERT INTO posts_country VALUES(53,'dominica','Dominica','Доминика','Domini');
INSERT INTO posts_country VALUES(54,'dominican-republic','Dominican Republic','Доминиканская Республика','Dominika Respublikasi');
INSERT INTO posts_country VALUES(55,'ecuador','Ecuador','Эквадор','Ekvador');
INSERT INTO posts_country VALUES(56,'egypt','Egypt','Египет','Misr');
INSERT INTO posts_country VALUES(57,'suclador','Suclador','Сукрадор','So''m');
INSERT INTO posts_country VALUES(58,'equatorial-guinea','Equatorial Guinea','Экваториальная Гвинея','Ekvator Gvineya');
INSERT INTO posts_country VALUES(59,'us','Us','Нас','Biz');
INSERT INTO posts_country VALUES(60,'estonia','Estonia','Эстония','Estoniya');
INSERT INTO posts_country VALUES(61,'ethiopia','Ethiopia','Эфиопия','Efiopiya');
INSERT INTO posts_country VALUES(62,'falkland-islands','Falkland Islands','Фолклендские острова','Falklend orollari');
INSERT INTO posts_country VALUES(63,'fiji','Fiji','Фиджи','Fiji');
INSERT INTO posts_country VALUES(64,'finland','Finland','Финляндия','Finlyandiya');
INSERT INTO posts_country VALUES(65,'france','France','Франция','Frantsiya');
INSERT INTO posts_country VALUES(66,'french-guvian','French Guvian','Французская Гвиана','Frantsuz Guvyan');
INSERT INTO posts_country VALUES(67,'french-polynesia','French Polynesia','Французская Полинезия','Fransuz Polinesia');
INSERT INTO posts_country VALUES(68,'gabon','Gabon','Габон','Gabon');
INSERT INTO posts_country VALUES(69,'georgia','Georgia','Грузия','Gruziya');
INSERT INTO posts_country VALUES(70,'ghana','Ghana','Гана','Gana');
INSERT INTO posts_country VALUES(71,'gibraltar','Gibraltar','Гибралтар','Gibraltar');
INSERT INTO posts_country VALUES(72,'greece','Greece','Греция','Gretsiya');
INSERT INTO posts_country VALUES(73,'greenland','Greenland','Гренландия','Yashil rang');
INSERT INTO posts_country VALUES(74,'grenada','Grenada','Гренада','Grenada');
INSERT INTO posts_country VALUES(75,'guadeloupe','Guadeloupe','Гваделупа','Guadeluce');
INSERT INTO posts_country VALUES(76,'guam','Guam','Гуам','Guman');
INSERT INTO posts_country VALUES(77,'guatemala','Guatemala','Гватемала','Gvatemala');
INSERT INTO posts_country VALUES(78,'guinea','Guinea','Гвинея','Gvineya');
INSERT INTO posts_country VALUES(79,'guinea-bisau','Guinea-Bisau','Гвинея-бисау','Gvineya-Bisau');
INSERT INTO posts_country VALUES(80,'gayana','Gayana','Гаяна','Geyana');
INSERT INTO posts_country VALUES(81,'haiti','Haiti','Гаити','Gayt');
INSERT INTO posts_country VALUES(82,'honduras','Honduras','Гондурас','Gonduras');
INSERT INTO posts_country VALUES(83,'hungary','Hungary','Венгрия','Osma');
INSERT INTO posts_country VALUES(84,'iceland','Iceland','Исландия','Mohir');
INSERT INTO posts_country VALUES(85,'india','India','Индия','Hindiston');
INSERT INTO posts_country VALUES(86,'indonesia','Indonesia','Индонезия','Indoneziya');
INSERT INTO posts_country VALUES(87,'iranian','Iranian','Иранский','Eronlik');
INSERT INTO posts_country VALUES(88,'iraq','Iraq','Ирак','Iroqlik');
INSERT INTO posts_country VALUES(89,'ireland','Ireland','Ирландия','Irlandiyalik');
INSERT INTO posts_country VALUES(90,'israel','Israel','Израиль','Isroillik');
INSERT INTO posts_country VALUES(91,'italy','Italy','Италия','Italiya');
INSERT INTO posts_country VALUES(93,'jamaica','Jamaica','Ямайка','Yamayka');
INSERT INTO posts_country VALUES(94,'japan','Japan','Япония','Yapon');
INSERT INTO posts_country VALUES(95,'johnston-(atall)','Johnston (Atall)','Джонстон (атолл)','Jonston (ATAL)');
INSERT INTO posts_country VALUES(96,'juthania','Juthania','Ютания','Jarangdor');
INSERT INTO posts_country VALUES(97,'turkish-republic-of-northern-cyprus','Turkish Republic of Northern Cyprus','Турецкая Республика Северного Кипра','Shimoliy Kipr Turk Respublikasi');
INSERT INTO posts_country VALUES(98,'kazakhstan','Kazakhstan','Казахстан','Qozog''iston');
INSERT INTO posts_country VALUES(99,'kenya','Kenya','Кения','Keniya');
INSERT INTO posts_country VALUES(100,'french-southern-and-antarctic-territories','French southern and Antarctic territories','Французские Южные и Антарктические Территории','Frantsuz janubi va Antarktika hududlari');
INSERT INTO posts_country VALUES(101,'crying','Crying','Плачет','Yig''lash');
INSERT INTO posts_country VALUES(102,'kuwait','Kuwait','Кувейт','Kuvayt');
INSERT INTO posts_country VALUES(103,'kyrgyzstan','Kyrgyzstan','Кыргизстан','Qirg''iziston');
INSERT INTO posts_country VALUES(104,'la','La','Ла','Lazzat');
INSERT INTO posts_country VALUES(105,'latvia','Latvia','Латвия','Latviya');
INSERT INTO posts_country VALUES(106,'lebanon','Lebanon','Ливан','Lebanon');
INSERT INTO posts_country VALUES(107,'lesotho','Lesotho','Лесото','Lesoto');
INSERT INTO posts_country VALUES(108,'liberia','Liberia','Либерия','Liberiya');
INSERT INTO posts_country VALUES(109,'libya','Libya','Ливия','Libya');
INSERT INTO posts_country VALUES(110,'lithuania','Lithuania','Литва','Litva');
INSERT INTO posts_country VALUES(111,'luxembourg','Luxembourg','Люксембург','Lyuksemburg');
INSERT INTO posts_country VALUES(112,'macedonia''s-resolution','Macedonia''s resolution','Резолюция Македонии','Makedoniya rezolyutsiyasi');
INSERT INTO posts_country VALUES(113,'madagascar','Madagascar','Мадагаскар','Maqtanchoqlik');
INSERT INTO posts_country VALUES(114,'malawi','Malawi','Малави','Madaviy');
INSERT INTO posts_country VALUES(115,'malaysia','Malaysia','Малайзия','Malayziya');
INSERT INTO posts_country VALUES(116,'maldives','Maldives','Мальдивы','Maldiv orollari');
INSERT INTO posts_country VALUES(117,'small','Small','Маленький','Kichik');
INSERT INTO posts_country VALUES(118,'malta','Malta','Мальта','Malta');
INSERT INTO posts_country VALUES(119,'marshalls-of-the-island','Marshalls of the island','Маршалловы Острова','Orolning marshalllari');
INSERT INTO posts_country VALUES(120,'martinique','Martinique','Мартиника','Martinika');
INSERT INTO posts_country VALUES(121,'mauritania','Mauritania','Мавритания','Mauritaniya');
INSERT INTO posts_country VALUES(122,'mauritius','Mauritius','Маврикий','Mauritius');
INSERT INTO posts_country VALUES(123,'mexico','Mexico','Мексика','Meksika');
INSERT INTO posts_country VALUES(124,'federal-states-of-micronzia','Federal states of micronzia','Федеративные Штаты Микронезии','Mikronziya federal davlatlari');
INSERT INTO posts_country VALUES(125,'midway','Midway','Мидуэй','O''rtada');
INSERT INTO posts_country VALUES(126,'moldova','Moldova','Молдова','Moldova');
INSERT INTO posts_country VALUES(127,'monaco','Monaco','Монако','Monaco');
INSERT INTO posts_country VALUES(128,'mongolia','Mongolia','Монголия','Mo''g''ul');
INSERT INTO posts_country VALUES(129,'montserrat','Montserrat','Монтсеррат','Montserrrat');
INSERT INTO posts_country VALUES(130,'morocco','Morocco','Марокко','Marokash');
INSERT INTO posts_country VALUES(131,'mozambique','Mozambique','Мозамбик','Mozambik');
INSERT INTO posts_country VALUES(132,'widget','Widget','Виджет','Vidjet');
INSERT INTO posts_country VALUES(133,'nepal','Nepal','Непал','Nepal');
INSERT INTO posts_country VALUES(134,'the-netherlands','The Netherlands','Нидерланды','Gollandiya');
INSERT INTO posts_country VALUES(135,'netherlands-antille-islands','Netherlands Antille Islands','Нидерландские Антильские острова','Gollandiya Anille orollar');
INSERT INTO posts_country VALUES(136,'new-caledonia','New Caledonia','Новая Каледония','Yangi Kaledoniya');
INSERT INTO posts_country VALUES(137,'new-zealand','New Zealand','Новая Зеландия','Yangi Zelandiya');
INSERT INTO posts_country VALUES(138,'nicaragua','Nicaragua','Никарагуа','Nikaragua');
INSERT INTO posts_country VALUES(139,'nyore','Nyore','Ньор','Nyor');
INSERT INTO posts_country VALUES(140,'nigeria','Nigeria','Нигерия','Nigeriya');
INSERT INTO posts_country VALUES(141,'korean-people''s-democratic-republic','Korean People''s Democratic Republic','Корейская Народно-Демократическая Республика','Koreys Xalq Demokratik Respublikasi');
INSERT INTO posts_country VALUES(142,'northern-ireland','Northern Ireland','Северная Ирландия','Shimoliy Irlandiya');
INSERT INTO posts_country VALUES(143,'northern-mariana-islands','Northern Mariana Islands','Северные Марианские острова','Shimoliy Mariana orollari');
INSERT INTO posts_country VALUES(144,'norway','Norway','Норвегия','Norveg');
INSERT INTO posts_country VALUES(145,'oman','Oman','Оман','Omil');
INSERT INTO posts_country VALUES(146,'pakistan','Pakistan','Пакистан','Pokiston');
INSERT INTO posts_country VALUES(147,'pilaf','Pilaf','Плов','Palov');
INSERT INTO posts_country VALUES(148,'palmyra','Palmyra','Пальмира','Palmamir');
INSERT INTO posts_country VALUES(149,'panama','Panama','Панама','Panama');
INSERT INTO posts_country VALUES(150,'papua---new-guinea','Papua - New Guinea','Папуа — Новая Гвинея','Papua - yangi Gvineya');
INSERT INTO posts_country VALUES(151,'paraguay','Paraguay','Парагвай','Paragvay');
INSERT INTO posts_country VALUES(152,'peru','Peru','Перу','Peru');
INSERT INTO posts_country VALUES(153,'philippines','Philippines','Филиппины','Filippin');
INSERT INTO posts_country VALUES(154,'poland','Poland','Польша','Podsho');
INSERT INTO posts_country VALUES(155,'portugal','Portugal','Португалия','Portugalcha');
INSERT INTO posts_country VALUES(156,'puerto-rico','Puerto Rico','Пуэрто-Рико','Puerto riko');
INSERT INTO posts_country VALUES(157,'line-up','Line up','Расстановка','Qator');
INSERT INTO posts_country VALUES(158,'reunon','Reunon','Reunon','Orqaga surmoq');
INSERT INTO posts_country VALUES(159,'romania','Romania','Румыния','Ruminiya');
INSERT INTO posts_country VALUES(160,'rwanda','Rwanda','Руанда','Ruanda');
INSERT INTO posts_country VALUES(161,'the-island-of-st.-helena','The island of St. Helena','Остров Святой Елены','Sent-Helena oroli');
INSERT INTO posts_country VALUES(162,'saint-vincent-and-grenadines','Saint-Vincent and Grenadines','Сент-Винсент и Гренадины','Sent-Vinsent va Granadinlar');
INSERT INTO posts_country VALUES(163,'san-marino','San-Marino','Сан-Марино','Sandiq');
INSERT INTO posts_country VALUES(164,'saudi-arabia','Saudi Arabia','Саудовская Аравия','Saudiya Arabistoni');
INSERT INTO posts_country VALUES(165,'senegal','Senegal','Сенегал','Senegal');
INSERT INTO posts_country VALUES(166,'seychelles','Seychelles','Сейшельские Острова','Soyarlar');
INSERT INTO posts_country VALUES(167,'sierra-leone','Sierra Leone','Сьерра-Леоне','Syerra-Leone');
INSERT INTO posts_country VALUES(168,'singapac-record','Singapac record','Сингапак','Singapak yozuvi');
INSERT INTO posts_country VALUES(169,'slovakia','Slovakia','Словакия','Slovakiya');
INSERT INTO posts_country VALUES(170,'slovenia','Slovenia','Словения','Sloveniya');
INSERT INTO posts_country VALUES(171,'solomon-islands','Solomon Islands','Соломоновы Острова','Sulaymon orollari');
INSERT INTO posts_country VALUES(172,'somalia','Somalia','Сомали','Soma');
INSERT INTO posts_country VALUES(173,'south-african-republic','South African Republic','Южно-Африканская Республика','Janubiy Afrika Respublikasi');
INSERT INTO posts_country VALUES(174,'south-george-and-southern-sandwichev-islands','South George and Southern Sandwichev Islands','Южная Георгия и Южные Сандвичевы острова','Janubiy Jorj va Janubiy Sandvichev orollari');
INSERT INTO posts_country VALUES(175,'republic-of-korea','Republic of Korea','Республика Корея','Koreya Respublikasi');
INSERT INTO posts_country VALUES(176,'spain','Spain','Испания','Ispaniya');
INSERT INTO posts_country VALUES(177,'sri-lanka','Sri-lanka','Шри-Ланка','Sri-lanka');
INSERT INTO posts_country VALUES(178,'saint-kits-and-nevis','Saint-Kits and Nevis','Сен-Кит и Невис','Sent-Kits va Nevis');
INSERT INTO posts_country VALUES(179,'saint-lusia','Saint-Lusia','Сент-Люсия','Isy''t-lusiya');
INSERT INTO posts_country VALUES(180,'saint-pierre-and-michelon','Saint-Pierre and Michelon','Сен-Пьер и Микелон','Sankt-Per va Mishelon');
INSERT INTO posts_country VALUES(181,'sudan','Sudan','Судан','Sudan');
INSERT INTO posts_country VALUES(182,'suriname','Suriname','Суринам','Surma');
INSERT INTO posts_country VALUES(183,'swaziland','Swaziland','Свазиленд','Schayg''iyun');
INSERT INTO posts_country VALUES(184,'sweden','Sweden','Швеция','Shvetsiya');
INSERT INTO posts_country VALUES(185,'switzerland','Switzerland','Швейцария','Shvitserland');
INSERT INTO posts_country VALUES(186,'syria','Syria','Сирия','Suriya');
INSERT INTO posts_country VALUES(187,'to-calm','To calm','Чтобы успокоиться','Tinchlanmoq');
INSERT INTO posts_country VALUES(188,'tajikistan','Tajikistan','Таджикистан','Tojikiston');
INSERT INTO posts_country VALUES(189,'tanzania','Tanzania','Танзания','Tanzaniya');
INSERT INTO posts_country VALUES(190,'thailand','Thailand','Таиланд','Tirnoq');
INSERT INTO posts_country VALUES(191,'bahamas','Bahamas','Багамские Острова','Baxamalar');
INSERT INTO posts_country VALUES(192,'gambium','Gambium','Гамбий','Gambiya');
INSERT INTO posts_country VALUES(193,'that','That','Что','Bu');
INSERT INTO posts_country VALUES(194,'persuore','Persuore','Убедить','Ishontirmoq');
INSERT INTO posts_country VALUES(195,'trinidad-and-tobago','Trinidad and Tobago','Тринидад и Тобаго','Trinidad va Tobago');
INSERT INTO posts_country VALUES(196,'tunisia','Tunisia','Тунис','Tungi');
INSERT INTO posts_country VALUES(197,'turkey','Turkey','Турция','Kurka');
INSERT INTO posts_country VALUES(198,'turkmenistan','Turkmenistan','Туркмения','Turkmaniston');
INSERT INTO posts_country VALUES(199,'terx-and-kaikos','Terx and Kaikos','Теркс и Кайкос','Terx va kayikos');
INSERT INTO posts_country VALUES(200,'united-arab-emirates','United Arab Emirates','Объединённые Арабские Эмираты','Birlashgan Arab Amirliklari');
INSERT INTO posts_country VALUES(201,'britain','Britain','Британия','Britaniya');
INSERT INTO posts_country VALUES(202,'usa','USA','США','AQSh');
INSERT INTO posts_country VALUES(203,'uganda','Uganda','Уганда','Uganda');
INSERT INTO posts_country VALUES(204,'ukraine','Ukraine','Украина','Ukrainalik');
INSERT INTO posts_country VALUES(205,'uruguay','Uruguay','Уругвай','Urugvay');
INSERT INTO posts_country VALUES(206,'vanuatu','Vanuatu','Вануату','VuNuatu');
INSERT INTO posts_country VALUES(207,'venezuela','Venezuela','Венесуэла','Venesuela');
INSERT INTO posts_country VALUES(208,'vietnam','Vietnam','Вьетнам','Vetnam');
INSERT INTO posts_country VALUES(209,'wake','Wake','Уэйк','Uyg''onmoq');
INSERT INTO posts_country VALUES(210,'pull','Pull','Тянуть','Torting');
INSERT INTO posts_country VALUES(211,'yemen','Yemen','Йемен','Yaman');
INSERT INTO posts_country VALUES(212,'democratic-republic-of-congo','Democratic Republic of Congo','Демократическая Республика Конго','Kongo demokratik Respublikasi');
INSERT INTO posts_country VALUES(213,'zambia','Zambia','Замбия','Zambiya');
INSERT INTO posts_country VALUES(214,'zimbabwe','Zimbabwe','Зимбабве','Zimbabve');
INSERT INTO posts_country VALUES(215,'lichenstein','Lichenstein','Лишенштейн','Lichenshteyn');
INSERT INTO posts_country VALUES(216,'kaymanov-islands','Kaymanov Islands','Каймановы острова','Kaymanov orollari');
INSERT INTO posts_country VALUES(217,'christmas-island','Christmas Island','Остров Рождества','Rojdestvo oroli');
INSERT INTO posts_country VALUES(218,'kosovo','Kosovo','Косово','Kosovo');
INSERT INTO posts_country VALUES(219,'macao','Macao','Макао','Makkao');
INSERT INTO posts_country VALUES(220,'in-mayotte','In Mayotte','В Mayotte','Mayotte');
INSERT INTO posts_country VALUES(221,'montenegro','Montenegro','Черногория','Cherkov');
INSERT INTO posts_country VALUES(222,'niu','Niu','Ниу','Nova');
INSERT INTO posts_country VALUES(223,'palace','Palace','Дворец','Saroy');
INSERT INTO posts_country VALUES(224,'saint-marten','Saint-Marten','Сен-Мартен','Sershom');
INSERT INTO posts_country VALUES(225,'san-tome-and-principi','San-Tome and Principi','Сан-Томе и Принцип','San-Tome va tamoyil');
INSERT INTO posts_country VALUES(226,'serbia','Serbia','Сербия','Serbiya');
INSERT INTO posts_country VALUES(227,'spitzbergen-and-yang-mayenne','Spitzbergen and Yang-Mayenne','Спитцберген и Ян-Майенн','Spitzbergen va Yang-Mayenne');
INSERT INTO posts_country VALUES(228,'east-timor','East Timor','Восточный Тимор','Sharqiy Timor');
INSERT INTO posts_country VALUES(229,'tuvala','Tuvala','Тувала','Tuvala');
INSERT INTO posts_country VALUES(230,'virgin-islands-america','Virgin Islands America','Виргинские острова Америка','Virjiniya orollari Amerika');
INSERT INTO posts_country VALUES(231,'virgin-islands','Virgin Islands','Виргинские острова','Virjiniya orollari');
INSERT INTO posts_country VALUES(232,'wallis-and-futuna','Wallis and Futuna','Уоллис и Футуна','Wallis va Futuna');
INSERT INTO posts_country VALUES(233,'belly','Belly','Живот','Qorin');
INSERT INTO posts_country VALUES(234,'nauru','Nauru','Науру','Nobuk');
CREATE TABLE IF NOT EXISTS "posts_subcategories" ("id" integer NOT NULL PRIMARY KEY AUTOINCREMENT, "slug" varchar(50) NOT NULL UNIQUE, "name_en" varchar(100) NOT NULL, "name_ru" varchar(100) NOT NULL, "name_uz" varchar(100) NOT NULL, "is_linked" bool NOT NULL);
INSERT INTO posts_subcategories VALUES(1,'subcat-1','subcat-1-en','subcat-1-ru','subcat-1-uz',0);
INSERT INTO posts_subcategories VALUES(2,'subcat-2','subcat-2-en','subcat-2-ru','subcat-2-uz',0);
INSERT INTO posts_subcategories VALUES(3,'subcat-3','subcat-3-en','subcat-3-ru','subcat-3-uz',0);
INSERT INTO posts_subcategories VALUES(4,'subcat-4','subcat-4-en','subcat-4-ru','subcat-4-uz',0);
INSERT INTO posts_subcategories VALUES(5,'subcat-5','subcat-5-en','subcat-5-ru','subcat-5-uz',0);
INSERT INTO posts_subcategories VALUES(6,'subcat-6','subcat-6-en','subcat-6-ru','subcat-6-uz',0);
CREATE TABLE IF NOT EXISTS "posts_tag" ("id" integer NOT NULL PRIMARY KEY AUTOINCREMENT, "name_en" varchar(255) NOT NULL UNIQUE, "name_ru" varchar(255) NOT NULL UNIQUE, "name_uz" varchar(255) NOT NULL UNIQUE, "is_linked" bool NOT NULL);
INSERT INTO posts_tag VALUES(1,' tag-1','tag-1','tag-1',0);
INSERT INTO posts_tag VALUES(2,' tag-2','tag-2','tag-2',0);
INSERT INTO posts_tag VALUES(3,' tag-3','tag-3','tag-3',0);
INSERT INTO posts_tag VALUES(4,' tag-4','tag-4','tag-4',0);
INSERT INTO posts_tag VALUES(5,' tag-5','tag-5','tag-5',0);
INSERT INTO posts_tag VALUES(6,' tag-6','tag-6','tag-6',0);
INSERT INTO posts_tag VALUES(7,' tag-7','tag-7','tag-7',0);
INSERT INTO posts_tag VALUES(8,' tag-8','tag-8','tag-8',0);
INSERT INTO posts_tag VALUES(9,' tag-9','tag-9','tag-9',0);
INSERT INTO posts_tag VALUES(10,' tag-10','tag-10','tag-10',0);
INSERT INTO posts_tag VALUES(11,' tag-11','tag-11','tag-11',0);
INSERT INTO posts_tag VALUES(12,' tag-12','tag-12','tag-12',0);
INSERT INTO posts_tag VALUES(13,' tag-13','tag-13','tag-13',0);
INSERT INTO posts_tag VALUES(14,' tag-14','tag-14','tag-14',0);
INSERT INTO posts_tag VALUES(15,' tag-15','tag-15','tag-15',0);
INSERT INTO posts_tag VALUES(16,' tag-16','tag-16','tag-16',0);
INSERT INTO posts_tag VALUES(17,' tag-17','tag-17','tag-17',0);
INSERT INTO posts_tag VALUES(18,' tag-18','tag-18','tag-18',0);
INSERT INTO posts_tag VALUES(19,' tag-19','tag-19','tag-19',0);
CREATE TABLE IF NOT EXISTS "posts_city" ("id" integer NOT NULL PRIMARY KEY AUTOINCREMENT, "slug" varchar(50) NOT NULL UNIQUE, "name_en" varchar(50) NOT NULL, "name_ru" varchar(50) NOT NULL, "name_uz" varchar(50) NOT NULL, "country_id" bigint NOT NULL REFERENCES "posts_country" ("id") DEFERRABLE INITIALLY DEFERRED);
INSERT INTO posts_city VALUES(1,' tashkent','Tashkent','Ташкент','Toshkent',1);
INSERT INTO posts_city VALUES(2,' andijan','Andijan','Андижан','Andijon',1);
INSERT INTO posts_city VALUES(3,' bukhara','Bukhara','Бухара','Buxoro',1);
INSERT INTO posts_city VALUES(4,' jizzakh','Jizzakh','Джизак','Jizzax',1);
INSERT INTO posts_city VALUES(5,' karshi','Karshi','Карши','Qarshi',1);
INSERT INTO posts_city VALUES(6,' navoiy','Navoiy','Навои','Navoiy',1);
INSERT INTO posts_city VALUES(7,' namangan','Namangan','Наманган','Namangan',1);
INSERT INTO posts_city VALUES(8,' samarkand','Samarkand','Самарканд','Samarqand',1);
INSERT INTO posts_city VALUES(9,' termez','Termez','Термез','Termiz',1);
INSERT INTO posts_city VALUES(10,' gulistan','Gulistan','Гулистан','Guliston',1);
INSERT INTO posts_city VALUES(11,' nurafshan','Nurafshan','Нурафшан','Nurafshon',1);
INSERT INTO posts_city VALUES(12,'fergana','Fergana','Фергана','Farg''ona',1);
INSERT INTO posts_city VALUES(13,'urgench','Urgench','Ургенч','Urganch',1);
INSERT INTO posts_city VALUES(14,'nukus','Nukus','Нукус','Nukus',1);
CREATE TABLE IF NOT EXISTS "posts_products" ("id" integer NOT NULL PRIMARY KEY AUTOINCREMENT, "slug" varchar(50) NOT NULL UNIQUE, "title" varchar(100) NOT NULL, "description" varchar(900) NULL, "telephone" varchar(30) NOT NULL, "telephone_view_count" bigint unsigned NOT NULL CHECK ("telephone_view_count" >= 0), "telegram" varchar(100) NULL, "view_count" bigint unsigned NOT NULL CHECK ("view_count" >= 0), "create_date" datetime NOT NULL, "update_date" datetime NOT NULL, "is_published" bool NOT NULL, "is_active" bool NOT NULL, "type" varchar(50) NOT NULL, "price" real NULL, "is_price_negotiable" bool NOT NULL, "is_top_film" bool NOT NULL, "top_duration" integer unsigned NOT NULL CHECK ("top_duration" >= 0), "create_date_changed" bool NOT NULL, "author_id" bigint NULL REFERENCES "users_user" ("id") DEFERRABLE INITIALLY DEFERRED, "category_id" bigint NOT NULL REFERENCES "posts_categories" ("id") DEFERRABLE INITIALLY DEFERRED, "city_id" bigint NULL REFERENCES "posts_city" ("id") DEFERRABLE INITIALLY DEFERRED, "country_id" bigint NOT NULL REFERENCES "posts_country" ("id") DEFERRABLE INITIALLY DEFERRED);
INSERT INTO posts_products VALUES(1,'71dcc405-025f-4b7c-b8c2-107cc9a2dc9a','Продукт','Описание продукта','+1234567890',0,'@telegram_username',0,'2024-10-05 02:36:00.691505','2024-10-05 02:36:00.692503',1,0,'buy',NULL,0,0,0,0,NULL,1,1,1);
INSERT INTO posts_products VALUES(2,'8ef66bf3-5ee7-4814-8f23-ae5845eb85d0','Продукт','Описание продукта','+1234567890',0,'@telegram_username',0,'2024-10-05 02:45:03.833987','2024-10-05 02:45:03.833987',1,0,'buy',NULL,0,0,0,0,NULL,1,1,1);
INSERT INTO posts_products VALUES(3,'a7013265-08e1-4cde-99e5-e78938bd24d4','Продукт','Описание продукта','+1234567890',0,'@telegram_username',0,'2024-10-05 02:45:34.419025','2024-10-05 02:45:34.419025',1,0,'buy',NULL,0,0,0,0,NULL,1,1,1);
INSERT INTO posts_products VALUES(4,'d8fcd27c-d6da-4f75-95a3-48b4a81c173e','Продукт','Описание продукта','+1234567890',0,'@telegram_username',0,'2024-10-05 02:45:36.194944','2024-10-05 02:45:36.194944',1,0,'buy',NULL,0,0,0,0,NULL,1,1,1);
INSERT INTO posts_products VALUES(5,'b6d43c6a-331f-4a1f-a84a-556021642c8b','Продукт','Описание продукта','+1234567890',0,'@telegram_username',0,'2024-10-05 02:45:38.802440','2024-10-05 02:45:38.802440',1,0,'buy',NULL,0,0,0,0,NULL,1,1,1);
INSERT INTO posts_products VALUES(6,'99d984b5-7356-4e2f-95e1-c45754c761a1','Продукт','Описание продукта','+1234567890',0,'@telegram_username',0,'2024-10-05 06:07:34.354734','2024-10-05 06:07:34.354734',1,0,'buy',NULL,0,0,0,0,NULL,1,1,1);
INSERT INTO posts_products VALUES(7,'7fc701cd-712e-4787-823c-09f2be6f2778','Продукт','Описание продукта','+1234567890',0,'@telegram_username',0,'2024-10-05 06:08:03.306211','2024-10-05 06:08:03.306211',1,0,'buy',NULL,0,0,0,0,NULL,1,1,1);
INSERT INTO posts_products VALUES(8,'7de65105-adf9-4cb1-8363-be5ac6eb2227','Продукт','Описание продукта','+1234567890',0,'@telegram_username',0,'2024-10-05 06:14:00.656166','2024-10-05 06:14:00.656166',1,0,'buy',NULL,0,0,0,0,NULL,1,1,1);
INSERT INTO posts_products VALUES(9,'sovremennaya-termoplastichnaya-mashina-dlya-melkos','Современная термопластичная машина для мелкосерийного производства','Эта термопластичная машина идеально подходит для мелкосерийного производства пластиковых деталей. Легкая настройка, высокая производительность и низкое потребление энергии.','+998946825817',0,'+998946825817',0,'2024-10-17 06:23:40.055441','2024-10-17 06:23:40.055441',1,1,'buy',NULL,0,0,0,0,1,1,1,1);
CREATE TABLE IF NOT EXISTS "posts_image" ("id" integer NOT NULL PRIMARY KEY AUTOINCREMENT, "image" varchar(100) NOT NULL, "product_id" bigint NOT NULL REFERENCES "posts_products" ("id") DEFERRABLE INITIALLY DEFERRED);
CREATE TABLE IF NOT EXISTS "posts_favorite" ("id" integer NOT NULL PRIMARY KEY AUTOINCREMENT, "created_at" datetime NOT NULL, "user_id" bigint NOT NULL REFERENCES "users_user" ("id") DEFERRABLE INITIALLY DEFERRED, "product_id_id" bigint NOT NULL REFERENCES "posts_products" ("id") DEFERRABLE INITIALLY DEFERRED);
CREATE TABLE IF NOT EXISTS "posts_products_subcategories" ("id" integer NOT NULL PRIMARY KEY AUTOINCREMENT, "products_id" bigint NOT NULL REFERENCES "posts_products" ("id") DEFERRABLE INITIALLY DEFERRED, "subcategories_id" bigint NOT NULL REFERENCES "posts_subcategories" ("id") DEFERRABLE INITIALLY DEFERRED);
INSERT INTO posts_products_subcategories VALUES(1,1,1);
INSERT INTO posts_products_subcategories VALUES(2,1,2);
INSERT INTO posts_products_subcategories VALUES(3,2,1);
INSERT INTO posts_products_subcategories VALUES(4,2,2);
INSERT INTO posts_products_subcategories VALUES(5,3,1);
INSERT INTO posts_products_subcategories VALUES(6,3,2);
INSERT INTO posts_products_subcategories VALUES(7,4,1);
INSERT INTO posts_products_subcategories VALUES(8,4,2);
INSERT INTO posts_products_subcategories VALUES(9,5,1);
INSERT INTO posts_products_subcategories VALUES(10,5,2);
INSERT INTO posts_products_subcategories VALUES(11,6,1);
INSERT INTO posts_products_subcategories VALUES(12,6,2);
INSERT INTO posts_products_subcategories VALUES(13,7,1);
INSERT INTO posts_products_subcategories VALUES(14,7,2);
INSERT INTO posts_products_subcategories VALUES(15,8,1);
INSERT INTO posts_products_subcategories VALUES(16,8,2);
INSERT INTO posts_products_subcategories VALUES(17,9,2);
CREATE TABLE IF NOT EXISTS "posts_subcategorycategory" ("id" integer NOT NULL PRIMARY KEY AUTOINCREMENT, "category_id" bigint NOT NULL REFERENCES "posts_categories" ("id") DEFERRABLE INITIALLY DEFERRED, "subcategory_id" bigint NOT NULL REFERENCES "posts_subcategories" ("id") DEFERRABLE INITIALLY DEFERRED);
INSERT INTO posts_subcategorycategory VALUES(1,1,1);
INSERT INTO posts_subcategorycategory VALUES(2,1,2);
INSERT INTO posts_subcategorycategory VALUES(3,2,3);
INSERT INTO posts_subcategorycategory VALUES(4,2,4);
INSERT INTO posts_subcategorycategory VALUES(5,3,5);
INSERT INTO posts_subcategorycategory VALUES(6,3,6);
CREATE TABLE IF NOT EXISTS "posts_products_tags" ("id" integer NOT NULL PRIMARY KEY AUTOINCREMENT, "products_id" bigint NOT NULL REFERENCES "posts_products" ("id") DEFERRABLE INITIALLY DEFERRED, "tag_id" bigint NOT NULL REFERENCES "posts_tag" ("id") DEFERRABLE INITIALLY DEFERRED);
INSERT INTO posts_products_tags VALUES(1,1,1);
INSERT INTO posts_products_tags VALUES(2,1,2);
INSERT INTO posts_products_tags VALUES(3,2,1);
INSERT INTO posts_products_tags VALUES(4,2,2);
INSERT INTO posts_products_tags VALUES(5,3,1);
INSERT INTO posts_products_tags VALUES(6,3,2);
INSERT INTO posts_products_tags VALUES(7,4,1);
INSERT INTO posts_products_tags VALUES(8,4,2);
INSERT INTO posts_products_tags VALUES(9,5,1);
INSERT INTO posts_products_tags VALUES(10,5,2);
INSERT INTO posts_products_tags VALUES(11,6,1);
INSERT INTO posts_products_tags VALUES(12,6,2);
INSERT INTO posts_products_tags VALUES(13,7,1);
INSERT INTO posts_products_tags VALUES(14,7,2);
INSERT INTO posts_products_tags VALUES(15,8,1);
INSERT INTO posts_products_tags VALUES(16,8,2);
INSERT INTO posts_products_tags VALUES(17,9,3);
CREATE TABLE IF NOT EXISTS "posts_tagcategory" ("id" integer NOT NULL PRIMARY KEY AUTOINCREMENT, "category_id" bigint NOT NULL REFERENCES "posts_categories" ("id") DEFERRABLE INITIALLY DEFERRED, "tag_id" bigint NOT NULL REFERENCES "posts_tag" ("id") DEFERRABLE INITIALLY DEFERRED);
INSERT INTO posts_tagcategory VALUES(1,1,1);
INSERT INTO posts_tagcategory VALUES(2,1,2);
INSERT INTO posts_tagcategory VALUES(3,1,3);
INSERT INTO posts_tagcategory VALUES(4,1,4);
INSERT INTO posts_tagcategory VALUES(5,1,5);
INSERT INTO posts_tagcategory VALUES(6,1,6);
INSERT INTO posts_tagcategory VALUES(7,2,7);
INSERT INTO posts_tagcategory VALUES(8,2,8);
INSERT INTO posts_tagcategory VALUES(9,2,9);
INSERT INTO posts_tagcategory VALUES(10,2,10);
INSERT INTO posts_tagcategory VALUES(11,2,11);
INSERT INTO posts_tagcategory VALUES(12,2,12);
INSERT INTO posts_tagcategory VALUES(13,3,13);
INSERT INTO posts_tagcategory VALUES(14,3,14);
INSERT INTO posts_tagcategory VALUES(15,3,15);
INSERT INTO posts_tagcategory VALUES(16,3,16);
INSERT INTO posts_tagcategory VALUES(17,3,17);
INSERT INTO posts_tagcategory VALUES(18,3,18);
INSERT INTO posts_tagcategory VALUES(19,3,19);
CREATE TABLE IF NOT EXISTS "posts_tagsubcategory" ("id" integer NOT NULL PRIMARY KEY AUTOINCREMENT, "subcategory_id" bigint NOT NULL REFERENCES "posts_subcategories" ("id") DEFERRABLE INITIALLY DEFERRED, "tag_id" bigint NOT NULL REFERENCES "posts_tag" ("id") DEFERRABLE INITIALLY DEFERRED);
INSERT INTO posts_tagsubcategory VALUES(1,1,1);
INSERT INTO posts_tagsubcategory VALUES(2,2,2);
INSERT INTO posts_tagsubcategory VALUES(3,3,3);
INSERT INTO posts_tagsubcategory VALUES(4,4,4);
INSERT INTO posts_tagsubcategory VALUES(5,5,5);
CREATE TABLE IF NOT EXISTS "django_session" ("session_key" varchar(40) NOT NULL PRIMARY KEY, "session_data" text NOT NULL, "expire_date" datetime NOT NULL);
INSERT INTO django_session VALUES('pwoyt7rbk4fp7w8wrxy5c1b134tjo6hu','.eJxVjMsOwiAQRf-FtSFleLt07zeQAQapGkhKuzL-uzbpQrf3nHNfLOC21rANWsKc2ZkJdvrdIqYHtR3kO7Zb56m3dZkj3xV-0MGvPdPzcrh_BxVH_dYuZ1eKoGIRElqynlycTCKlHGltSYAmM4GT6KF47cFEAUZKpbItCtn7A_uHN78:1t1Jtm:6SRV8ujwwT6ya0n_mlR4jhSxs7i4-bVoA7BX5bt7E-o','2024-10-31 06:22:14.071992');
INSERT INTO django_session VALUES('qva0b3u3dejubbk3djbnxrc582wx8e4v','.eJxVjMsOwiAQRf-FtSFleLt07zeQAQapGkhKuzL-uzbpQrf3nHNfLOC21rANWsKc2ZkJdvrdIqYHtR3kO7Zb56m3dZkj3xV-0MGvPdPzcrh_BxVH_dYuZ1eKoGIRElqynlycTCKlHGltSYAmM4GT6KF47cFEAUZKpbItCtn7A_uHN78:1t4lJx:j0HjB0SFIL3p-FLC_81QQ00vJCpeFuT_h-hzkMj8jGs','2024-11-09 18:15:29.113352');
CREATE TABLE IF NOT EXISTS "app_app" ("id" integer NOT NULL PRIMARY KEY AUTOINCREMENT, "title" varchar(100) NOT NULL, "description" text NOT NULL);
INSERT INTO app_app VALUES(1,'string','string');
INSERT INTO app_app VALUES(2,'123','123');
INSERT INTO app_app VALUES(3,'123','234');
DELETE FROM sqlite_sequence;
INSERT INTO sqlite_sequence VALUES('django_migrations',23);
INSERT INTO sqlite_sequence VALUES('django_content_type',28);
INSERT INTO sqlite_sequence VALUES('auth_permission',112);
INSERT INTO sqlite_sequence VALUES('auth_group',0);
INSERT INTO sqlite_sequence VALUES('django_admin_log',1);
INSERT INTO sqlite_sequence VALUES('posts_products',9);
INSERT INTO sqlite_sequence VALUES('posts_image',0);
INSERT INTO sqlite_sequence VALUES('posts_favorite',0);
INSERT INTO sqlite_sequence VALUES('posts_subcategorycategory',6);
INSERT INTO sqlite_sequence VALUES('posts_tagcategory',19);
INSERT INTO sqlite_sequence VALUES('posts_tagsubcategory',5);
INSERT INTO sqlite_sequence VALUES('posts_categories',3);
INSERT INTO sqlite_sequence VALUES('posts_city',14);
INSERT INTO sqlite_sequence VALUES('posts_country',234);
INSERT INTO sqlite_sequence VALUES('posts_tag',19);
INSERT INTO sqlite_sequence VALUES('posts_subcategories',6);
INSERT INTO sqlite_sequence VALUES('posts_products_subcategories',17);
INSERT INTO sqlite_sequence VALUES('posts_products_tags',17);
INSERT INTO sqlite_sequence VALUES('users_user',1);
INSERT INTO sqlite_sequence VALUES('users_pointstransaction',2);
INSERT INTO sqlite_sequence VALUES('app_app',3);
CREATE UNIQUE INDEX "django_content_type_app_label_model_76bd3d3b_uniq" ON "django_content_type" ("app_label", "model");
CREATE UNIQUE INDEX "auth_group_permissions_group_id_permission_id_0cd325b0_uniq" ON "auth_group_permissions" ("group_id", "permission_id");
CREATE INDEX "auth_group_permissions_group_id_b120cbf9" ON "auth_group_permissions" ("group_id");
CREATE INDEX "auth_group_permissions_permission_id_84c5c92e" ON "auth_group_permissions" ("permission_id");
CREATE UNIQUE INDEX "auth_permission_content_type_id_codename_01ab375a_uniq" ON "auth_permission" ("content_type_id", "codename");
CREATE INDEX "auth_permission_content_type_id_2f476e4b" ON "auth_permission" ("content_type_id");
CREATE INDEX "users_user_category_id_6793eb65" ON "users_user" ("category_id");
CREATE INDEX "users_user_country_id_8d012484" ON "users_user" ("country_id");
CREATE UNIQUE INDEX "users_user_groups_user_id_group_id_b88eab82_uniq" ON "users_user_groups" ("user_id", "group_id");
CREATE INDEX "users_user_groups_user_id_5f6f5a90" ON "users_user_groups" ("user_id");
CREATE INDEX "users_user_groups_group_id_9afc8d0e" ON "users_user_groups" ("group_id");
CREATE UNIQUE INDEX "users_user_user_permissions_user_id_permission_id_43338c45_uniq" ON "users_user_user_permissions" ("user_id", "permission_id");
CREATE INDEX "users_user_user_permissions_user_id_20aca447" ON "users_user_user_permissions" ("user_id");
CREATE INDEX "users_user_user_permissions_permission_id_0b93982e" ON "users_user_user_permissions" ("permission_id");
CREATE INDEX "users_complaint_recipient_id_8ce802af" ON "users_complaint" ("recipient_id");
CREATE INDEX "users_complaint_sender_id_fa1e5707" ON "users_complaint" ("sender_id");
CREATE INDEX "users_company_country_id_2c12cb9c" ON "users_company" ("country_id");
CREATE INDEX "users_message_sender_id_d1e3d44e" ON "users_message" ("sender_id");
CREATE UNIQUE INDEX "users_message_recipients_message_id_user_id_505225a0_uniq" ON "users_message_recipients" ("message_id", "user_id");
CREATE INDEX "users_message_recipients_message_id_fcccd192" ON "users_message_recipients" ("message_id");
CREATE INDEX "users_message_recipients_user_id_b6b75da2" ON "users_message_recipients" ("user_id");
CREATE INDEX "users_pointstransaction_user_id_bbfd3e7e" ON "users_pointstransaction" ("user_id");
CREATE INDEX "users_subcategories_category_id_040bf425" ON "users_subcategories" ("category_id");
CREATE UNIQUE INDEX "users_user_subcategories_user_id_subcategories_id_fa6b38c9_uniq" ON "users_user_subcategories" ("user_id", "subcategories_id");
CREATE INDEX "users_user_subcategories_user_id_82ea24bc" ON "users_user_subcategories" ("user_id");
CREATE INDEX "users_user_subcategories_subcategories_id_24cecaaa" ON "users_user_subcategories" ("subcategories_id");
CREATE UNIQUE INDEX "users_user_tags_user_id_tag_id_19b552ac_uniq" ON "users_user_tags" ("user_id", "tag_id");
CREATE INDEX "users_user_tags_user_id_0ee04601" ON "users_user_tags" ("user_id");
CREATE INDEX "users_user_tags_tag_id_5034c89e" ON "users_user_tags" ("tag_id");
CREATE UNIQUE INDEX "users_userrating_rater_id_rated_user_id_8f39cc1d_uniq" ON "users_userrating" ("rater_id", "rated_user_id");
CREATE INDEX "users_userrating_rated_user_id_733672b0" ON "users_userrating" ("rated_user_id");
CREATE INDEX "users_userrating_rater_id_85310122" ON "users_userrating" ("rater_id");
CREATE UNIQUE INDEX "users_usersubscription_subscriber_id_target_user_id_9a5824bb_uniq" ON "users_usersubscription" ("subscriber_id", "target_user_id");
CREATE INDEX "users_usersubscription_subscriber_id_672ebc08" ON "users_usersubscription" ("subscriber_id");
CREATE INDEX "users_usersubscription_target_user_id_3bb4dfce" ON "users_usersubscription" ("target_user_id");
CREATE INDEX "django_admin_log_content_type_id_c4bce8eb" ON "django_admin_log" ("content_type_id");
CREATE INDEX "django_admin_log_user_id_c564eba6" ON "django_admin_log" ("user_id");
CREATE INDEX "posts_city_country_id_565b6c17" ON "posts_city" ("country_id");
CREATE INDEX "posts_products_author_id_5414a26c" ON "posts_products" ("author_id");
CREATE INDEX "posts_products_category_id_cad41f61" ON "posts_products" ("category_id");
CREATE INDEX "posts_products_city_id_5641ab69" ON "posts_products" ("city_id");
CREATE INDEX "posts_products_country_id_7b5f595c" ON "posts_products" ("country_id");
CREATE INDEX "posts_image_product_id_40c14f9a" ON "posts_image" ("product_id");
CREATE INDEX "posts_favorite_user_id_ec92204b" ON "posts_favorite" ("user_id");
CREATE INDEX "posts_favorite_product_id_id_d524e95e" ON "posts_favorite" ("product_id_id");
CREATE UNIQUE INDEX "posts_products_subcategories_products_id_subcategories_id_e9148e10_uniq" ON "posts_products_subcategories" ("products_id", "subcategories_id");
CREATE INDEX "posts_products_subcategories_products_id_05ad3051" ON "posts_products_subcategories" ("products_id");
CREATE INDEX "posts_products_subcategories_subcategories_id_4ae9bed2" ON "posts_products_subcategories" ("subcategories_id");
CREATE INDEX "posts_subcategorycategory_category_id_b73863b0" ON "posts_subcategorycategory" ("category_id");
CREATE INDEX "posts_subcategorycategory_subcategory_id_82eb8a92" ON "posts_subcategorycategory" ("subcategory_id");
CREATE UNIQUE INDEX "posts_products_tags_products_id_tag_id_fbb326ae_uniq" ON "posts_products_tags" ("products_id", "tag_id");
CREATE INDEX "posts_products_tags_products_id_10339975" ON "posts_products_tags" ("products_id");
CREATE INDEX "posts_products_tags_tag_id_3a4600a3" ON "posts_products_tags" ("tag_id");
CREATE INDEX "posts_tagcategory_category_id_1110de84" ON "posts_tagcategory" ("category_id");
CREATE INDEX "posts_tagcategory_tag_id_6932ea00" ON "posts_tagcategory" ("tag_id");
CREATE INDEX "posts_tagsubcategory_subcategory_id_6b675095" ON "posts_tagsubcategory" ("subcategory_id");
CREATE INDEX "posts_tagsubcategory_tag_id_f9aa4bf2" ON "posts_tagsubcategory" ("tag_id");
CREATE UNIQUE INDEX "posts_favorite_user_id_product_id_id_c2b42d4f_uniq" ON "posts_favorite" ("user_id", "product_id_id");
CREATE INDEX "django_session_expire_date_a5c62663" ON "django_session" ("expire_date");
COMMIT;
